{
	"mycollection" : [
		{
			"title" : "ring 1",
			"date" : "1930",
			"price" : 5500,
			"estimate" :[2300, 3000],
			"materials" : [
				"sapphire",
				"diamond",
				"platinum"
			],
			"weight" : 6.0,
			"imageurl" : "assets/img/ring01.jpeg"
		},

		{
			"title" : "ring 2",
			"date" : 1930,
			"price" : 3200,
			"estimate" : [3200, 3800],
			"materials" : [
				"emerald",
				"diamond",
				"platinum"
			],
			"weight" : 5.20,
			"imageurl" : "assets/img/ring02.jpeg"

		},

		{
			"title" : "ring 3",
			"date" : 1925,
			"price" : 12000,
			"estimate" : [2000, 3000],
			"materials" : [
				"sapphire",
				"diamond",
				"platinum"
			],
			"weight" : 4.4,
			"imageurl" : "assets/img/ring03.jpeg"
		},

		{
			"title" : "ring 4",
			"date" : 1920,
			"price" : 900,
			"estimate" : [700,900],
			"materials" : [
				"synthetic sapphire",
				"diamond",
				"white gold"
			],
			"weight" : 0,
			"imageurl" : "assets/img/ring04.jpeg"
		},

		{
			"title" : "ring 5",
			"date" : 1920,
			"price" : 650,
			"estimate" : [250,350],
			"materials" : [
				"sapphire",
				"diamond",
				"platinum"
			],
			"weight" : 4.5,
			"imageurl" : "assets/img/ring05.jpeg"
		},

		{
			"title" : "ring 6",
			"date" : 1920,
			"price" : 1800,
			"estimate" : [600, 800],
			"materials" : [
				"sapphire",
				"diamond",
				"platinum"
			],
			"weight" : 4.5,
			"imageurl" : "assets/img/ring06.jpeg"
		},

		{
			"title" : "ring 7",
			"date" : 1930,
			"price" : 2000,
			"estimate" : [2000, 2600],
			"materials" : [
				"sapphire",
				"diamond",
				"platinum"
			],
			"weight" : 5.7,
			"imageurl" : "assets/img/ring07.jpeg"
		},

		{
			"title" : "ring 8",
			"date" : 1920,
			"price" : 2800,
			"estimate" : [600, 800],
			"materials" : [
				"sapphire",
				"diamond",
				"platinum"
			],
			"weight" : 5.4,
			"imageurl" : "assets/img/ring08.jpeg"
		},

		{
			"title" : "ring 9",
			"date" : 1920,
			"price" : 13000,
			"estimate" : [12000, 15000],
			"materials" : [
				"sapphire",
				"diamond",
				"platinum"
			],
			"weight" : 0,
			"imageurl" : "assets/img/ring09.jpeg"
		},

		{
			"title" : "ring 10",
			"date" : 1930,
			"price" : 6000,
			"estimate" : [1800, 2400],
			"materials" : [
				"diamond",
				"platinum"
			],
			"weight" : 0,
			"imageurl" : "assets/img/ring10.jpeg"
		},

		{
			"title" : "ring 11",
			"date" : 1930,
			"price" : 1500,
			"estimate" : [700, 900],
			"materials" : [
				"turqoise",
				"diamond",
				"platinum"
			],
			"weight" : 0,
			"imageurl" : "assets/img/ring11.jpeg"
		},

		{
			"title" : "ring 12",
			"date" : 1925,
			"price" : 4800,
			"estimate" : [1200, 1500],
			"materials" : [
				"turqoise",
				"diamond",
				"black enamel",
				"platinum"
			],
			"weight" : 7.7,
			"imageurl" : "assets/img/ring12.jpeg"
		},

		{
			"title" : "ring 13",
			"date" : 1930,
			"price" : 6000,
			"estimate" : [5500, 6500],
			"materials" : [
				"diamond",
				"platinum"
			],
			"weight" : 0,
			"imageurl" : "assets/img/ring13.jpeg"
		},

		{
			"title" : "ring 14",
			"date" : 1920,
			"price" : 5000,
			"estimate" : [6000, 7000],
			"materials" : [
				"opal",
				"diamond",
				"coral",
				"black onyx",
				"platinum"
			],
			"weight" : 6.1,
			"imageurl" : "assets/img/ring14.jpeg"
		},

		{
			"title" : "ring 15",
			"date" : 1930,
			"price" : 950,
			"estimate" : [400, 500],
			"materials" : [
				"turqoise",
				"diamond",
				"platinum"
			],
			"weight" : 11.3,
			"imageurl" : "assets/img/ring15.jpeg"
		},

		{
			"title" : "ring 16",
			"date" : 1920,
			"price" : 1900,
			"estimate" : [1800, 2000],
			"materials" : [
				"something else I'm not sure of",
				"diamond",
				"platinum"
			],
			"weight" : 5.8,
			"imageurl" : "assets/img/ring16.jpeg"
		},








		{
			"title" : "bracelet 1",
			"date" : 1925,
			"price" : 3200,
			"estimate" : [2600, 3600],
			"materials" : [
				"sapphire",
				"diamond",
				"platinum"
			],
			"weight" : 23.7,
			"imageurl" : "assets/img/bracelet01.jpeg"
		},

		{
			"title" : "bracelet 2",
			"date" : 1930,
			"price" : 5500,
			"estimate" : [4000, 6000],
			"materials" : [
				"diamond",
				"platinum"
			],
			"weight" : 42.5,
			"imageurl" : "assets/img/bracelet02.jpeg"
		},

		{
			"title" : "bracelet 3",
			"date" : 1925,
			"price" : 20000,
			"estimate" : [20000, 30000],
			"materials" : [
				"emerald",
				"diamond",
				"platinum"
			],
			"weight" : 40.4,
			"imageurl" : "assets/img/bracelet03.jpeg"
		},

		{
			"title" : "bracelet 4",
			"date" : 1930,
			"price" : 38000,
			"estimate" : [8000, 10000],
			"materials" : [
				"emerald",
				"black onyx",
				"diamond",
				"platinum"
			],
			"weight" : 38.5,
			"imageurl" : "assets/img/bracelet04.jpeg"
		},

		{
			"title" : "bracelet 5",
			"date" : 1930,
			"price" : 26000,
			"estimate" : [26000, 36000],
			"materials" : [
				"emerald",
				"diamond",
				"platinum"
			],
			"weight" : 0,
			"imageurl" : "assets/img/bracelet05.jpeg"
		},

		{
			"title" : "bracelet 6",
			"date" : 1925,
			"price" : 15000,
			"estimate" : [15000, 20000],
			"materials" : [
				"sapphire",
				"diamond",
				"platinum"
			],
			"weight" : 29.3,
			"imageurl" : "assets/img/bracelet06.jpeg"
		},

		{
			"title" : "bracelet 7",
			"date" : 1930,
			"price" : 30000,
			"estimate" : [20000, 30000],
			"materials" : [
				"ruby",
				"diamond",
				"platinum"
			],
			"weight" : 42.9,
			"imageurl" : "assets/img/bracelet07.jpeg"
		},

		{
			"title" : "bracelet 8",
			"date" : 1930,
			"price" : 26000,
			"estimate" : [20000, 30000],
			"materials" : [
				"emerald",
				"diamond",
				"platinum"
			],
			"weight" : 40.7,
			"imageurl" : "assets/img/bracelet08.jpeg"
		},










		{
			"title" : "brooch 1",
			"date" : 1930,
			"price" : 2000,
			"estimate" : [2000, 3000],
			"materials" : [
				"sapphire",
				"diamond",
				"platinum"
			],
			"weight" : 11.7,
			"imageurl" : "assets/img/brooch01.jpeg"
		},

		{
			"title" : "brooch 2",
			"date" : 1925,
			"price" : 5000,
			"estimate" : [5000, 7000],
			"materials" : [
				"diamond",
				"platinum"
			],
			"weight" : 12.5,
			"imageurl" : "assets/img/brooch02.jpeg"
		},

		{
			"title" : "brooch 3",
			"date" : 1935,
			"price" : 2000,
			"estimate" : [1800, 2400],
			"materials" : [
				"black enamel",
				"aventurine",
				"diamond",
				"platinum",
				"yellow gold"
			],
			"weight" : 18.0,
			"imageurl" : "assets/img/brooch03.jpeg"
		},

		{
			"title" : "brooch 4",
			"date" : 1930,
			"price" : 11000,
			"estimate" : [10000, 14000],
			"materials" : [
				"diamond",
				"platinum"
			],
			"weight" : 14.3,
			"imageurl" : "assets/img/brooch04.jpeg"
		},

		{
			"title" : "brooch 5",
			"date" : 1920,
			"price" : 3000,
			"estimate" : [2000, 3000],
			"materials" : [
				"chalcedony",
				"diamond",
				"black onyx",
				"platinum"
			],
			"weight" : 14.0,
			"imageurl" : "assets/img/brooch05.jpeg"
		},

		{
			"title" : "brooch 6",
			"date" : 1930,
			"price" : 7000,
			"estimate" : [6500, 7500],
			"materials" : [
				"ruby",
				"diamond",
				"platinum"
			],
			"weight" : 15.0,
			"imageurl" : "assets/img/brooch06.jpeg"
		},

		{
			"title" : "brooch 7",
			"date" : 1920,
			"price" : 2600,
			"estimate" : [2600, 3000],
			"materials" : [
				"diamond",
				"platinum"
			],
			"weight" : 0,
			"imageurl" : "assets/img/brooch07.jpeg"
		},

		{
			"title" : "brooch 8",
			"date" : 1925,
			"price" : 2600,
			"estimate" : [2600, 3400],
			"materials" : [
				"diamond",
				"platinum"
			],
			"weight" : 0,
			"imageurl" : "assets/img/brooch08.jpeg"
		},

		{
			"title" : "brooch 9",
			"date" : 1920,
			"price" : 2600,
			"estimate" : [3000, 4000],
			"materials" : [
				"diamond",
				"platinum"
			],
			"weight" : 14.2,
			"imageurl" : "assets/img/brooch09.jpeg"
		},

		{
			"title" : "brooch 10",
			"date" : 1925,
			"price" : 3200,
			"estimate" : [2500, 3000],
			"materials" : [
				"emerald",
				"diamond",
				"platinum"
			],
			"weight" : 6.5,
			"imageurl" : "assets/img/brooch10.jpeg"
		},

		{
			"title" : "brooch 11",
			"date" : 1920,
			"price" : 17000,
			"estimate" : [15000, 20000],
			"materials" : [
				"sapphire",
				"diamond",
				"platinum"
			],
			"weight" : 18.9,
			"imageurl" : "assets/img/brooch11.jpeg"
		},

		{
			"title" : "brooch 12",
			"date" : 1920,
			"price" : 3000,
			"estimate" : [3000, 4000],
			"materials" : [
				"rock crystal",
				"black enamel",
				"diamonds",
				"platinum"
			],
			"weight" : 10.0,
			"imageurl" : "assets/img/brooch12.jpeg"
		},

		{
			"title" : "brooch 13",
			"date" : 1930,
			"price" : 2200,
			"estimate" : [2500, 3500],
			"materials" : [
				"pearl",
				"diamond",
				"platinum"
			],
			"weight" : 10.4,
			"imageurl" : "assets/img/brooch13.jpeg"
		},

		{
			"title" : "brooch 14",
			"date" : 1920,
			"price" : 12000,
			"estimate" : [13000, 17000],
			"materials" : [
				"emerald",
				"black onyx",
				"diamond",
				"platinum"
			],
			"weight" : 14.3,
			"imageurl" : "assets/img/brooch14.jpeg"
		},

		{
			"title" : "brooch 15",
			"date" : 1925,
			"price" : 12000,
			"estimate" : [12000, 15000],
			"materials" : [
				"diamond",
				"platinum"
			],
			"weight" : 12.5,
			"imageurl" : "assets/img/brooch15.jpeg"
		},

		{
			"title" : "brooch 16",
			"date" : 1920,
			"price" : 3800,
			"estimate" : [4000, 5000],
			"materials" : [
				"sapphire",
				"diamond",
				"platinum"
			],
			"weight" : 22.6,
			"imageurl" : "assets/img/brooch16.jpeg"
		}



	]
}












